nat_ttl,trw_window,cpu_saving_pct,replay_exposure_s,cpu_ucred_s,cpu_stateful_s,meets_targets
300,10,88.33333333333333,300,1.4,12.0,True
300,30,88.33333333333333,300,1.4,12.0,True
300,60,91.66666666666666,300,1.0,12.0,True
600,10,88.33333333333333,600,1.4,12.0,True
600,30,88.33333333333333,600,1.4,12.0,True
600,60,88.33333333333333,600,1.4,12.0,True
1200,10,88.33333333333333,1200,1.4,12.0,True
1200,30,88.33333333333333,1200,1.4,12.0,True
1200,60,88.33333333333333,1200,1.4,12.0,True
